Danderfer,Matias,38270271,Contrasenia1234
González,Juan,3000000,Contrasenia1234
Rodríguez,María,3000001,Contrasenia1234
López,Pedro,3000002,Contrasenia1234
Martínez,Ana,3000003,Contrasenia1234
Pérez,Luis,3000004,Contrasenia1234
Gómez,Carla,3000005,Contrasenia1234
Sánchez,Diego,3000006,Contrasenia1234
Fernández,Laura,3000007,Contrasenia1234
Torres,Andrés,3000008,Contrasenia1234
Ramírez,Paula,3000009,Contrasenia1234
Hernández,Carlos,3000010,Contrasenia1234
Flores,Marta,3000011,Contrasenia1234
Vargas,Fernando,3000012,Contrasenia1234
Morales,Lucía,3000013,Contrasenia1234
Ortega,Sofía,3000014,Contrasenia1234
Fernandez,Eduardo,24345214,Contrasenia1234
Hornero,Marta,39270271,Contrasenia1234
Igno,Salazar,40101101,Contrasenia1234
